{
    "ec2": {
        "ec2": {
            "audited_account": "296062557786",
            "audited_account_arn": "arn:aws:iam::296062557786:root",
            "audited_partition": "aws",
            "audit_resources": [],
            "audited_checks": [],
            "service": "ec2",
            "region": "us-east-1",
            "account_arn_template": "arn:aws:ec2:us-east-1:296062557786:account",
            "instances": [
                {
                    "id": "i-00075f5b13b6833f0",
                    "arn": "arn:aws:ec2:us-west-2:296062557786:instance/i-00075f5b13b6833f0",
                    "state": "running",
                    "region": "us-west-2",
                    "type": "t2.medium",
                    "image_id": "ami-04dd23e62ed049936",
                    "launch_time": "2024-10-10T07:33:14+00:00",
                    "private_dns": "ip-172-31-13-139.us-west-2.compute.internal",
                    "private_ip": "172.31.13.139",
                    "public_dns": "ec2-44-231-126-161.us-west-2.compute.amazonaws.com",
                    "public_ip": "44.231.126.161",
                    "user_data": null,
                    "http_tokens": "required",
                    "http_endpoint": "enabled",
                    "monitoring_state": "disabled",
                    "security_groups": [
                        "sg-093ebfa483ce68125",
                        "sg-0f8d314371e5fdfc6",
                        "sg-02dd1073c2f04753c",
                        "sg-04c472106ac965c43",
                        "sg-0b8aceea5cf5aa391"
                    ],
                    "subnet_id": "subnet-0862fbb04d37a64b3",
                    "instance_profile": {
                        "Arn": "arn:aws:iam::296062557786:instance-profile/Dev-EC2-Role",
                        "Id": "AIPAUJ3VUDZNJSGCW5KMW"
                    },
                    "network_interfaces": [
                        "eni-0f2c2dd00ac4708d2"
                    ],
                    "virtualization_type": "hvm",
                    "tags": [
                        {
                            "Key": "Name",
                            "Value": "dev-app-instance"
                        }
                    ]
                }
            ],
            "security_groups": {
                "arn:aws:ec2:ap-south-1:296062557786:security-group/sg-036efd435fd36baf1": {
                    "name": "default",
                    "region": "ap-south-1",
                    "id": "sg-036efd435fd36baf1",
                    "vpc_id": "vpc-0c0f4ed8370f41fab",
                    "associated_sgs": [
                        "sg-036efd435fd36baf1"
                    ],
                    "network_interfaces": [],
                    "ingress_rules": [
                        {
                            "IpProtocol": "-1",
                            "IpRanges": [],
                            "Ipv6Ranges": [],
                            "PrefixListIds": [],
                            "UserIdGroupPairs": [
                                {
                                    "GroupId": "sg-036efd435fd36baf1",
                                    "UserId": "296062557786"
                                }
                            ]
                        }
                    ],
                    "egress_rules": [
                        {
                            "IpProtocol": "-1",
                            "IpRanges": [
                                {
                                    "CidrIp": "0.0.0.0/0"
                                }
                            ],
                            "Ipv6Ranges": [],
                            "PrefixListIds": [],
                            "UserIdGroupPairs": []
                        }
                    ],
                    "tags": null
                },
                "arn:aws:ec2:ap-southeast-1:296062557786:security-group/sg-03cc6e65b08adb15a": {
                    "name": "default",
                    "region": "ap-southeast-1",
                    "id": "sg-03cc6e65b08adb15a",
                    "vpc_id": "vpc-08c98783ae2fed7ed",
                    "associated_sgs": [
                        "sg-03cc6e65b08adb15a"
                    ],
                    "network_interfaces": [],
                    "ingress_rules": [
                        {
                            "IpProtocol": "-1",
                            "IpRanges": [],
                            "Ipv6Ranges": [],
                            "PrefixListIds": [],
                            "UserIdGroupPairs": [
                                {
                                    "GroupId": "sg-03cc6e65b08adb15a",
                                    "UserId": "296062557786"
                                }
                            ]
                        }
                    ],
                    "egress_rules": [
                        {
                            "IpProtocol": "-1",
                            "IpRanges": [
                                {
                                    "CidrIp": "0.0.0.0/0"
                                }
                            ],
                            "Ipv6Ranges": [],
                            "PrefixListIds": [],
                            "UserIdGroupPairs": []
                        }
                    ],
                    "tags": null
                },
                "arn:aws:ec2:eu-west-3:296062557786:security-group/sg-06616ad5ffd5c8053": {
                    "name": "default",
                    "region": "eu-west-3",
                    "id": "sg-06616ad5ffd5c8053",
                    "vpc_id": "vpc-0197cabb529218c29",
                    "associated_sgs": [
                        "sg-06616ad5ffd5c8053"
                    ],
                    "network_interfaces": [],
                    "ingress_rules": [
                        {
                            "IpProtocol": "-1",
                            "IpRanges": [],
                            "Ipv6Ranges": [],
                            "PrefixListIds": [],
                            "UserIdGroupPairs": [
                                {
                                    "GroupId": "sg-06616ad5ffd5c8053",
                                    "UserId": "296062557786"
                                }
                            ]
                        }
                    ],
                    "egress_rules": [
                        {
                            "IpProtocol": "-1",
                            "IpRanges": [
                                {
                                    "CidrIp": "0.0.0.0/0"
                                }
                            ],
                            "Ipv6Ranges": [],
                            "PrefixListIds": [],
                            "UserIdGroupPairs": []
                        }
                    ],
                    "tags": null
                },
                "arn:aws:ec2:eu-west-1:296062557786:security-group/sg-059f3a660def377f2": {
                    "name": "default",
                    "region": "eu-west-1",
                    "id": "sg-059f3a660def377f2",
                    "vpc_id": "vpc-0da5276f8ed445859",
                    "associated_sgs": [
                        "sg-059f3a660def377f2"
                    ],
                    "network_interfaces": [],
                    "ingress_rules": [
                        {
                            "IpProtocol": "-1",
                            "IpRanges": [],
                            "Ipv6Ranges": [],
                            "PrefixListIds": [],
                            "UserIdGroupPairs": [
                                {
                                    "GroupId": "sg-059f3a660def377f2",
                                    "UserId": "296062557786"
                                }
                            ]
                        }
                    ],
                    "egress_rules": [
                        {
                            "IpProtocol": "-1",
                            "IpRanges": [
                                {
                                    "CidrIp": "0.0.0.0/0"
                                }
                            ],
                            "Ipv6Ranges": [],
                            "PrefixListIds": [],
                            "UserIdGroupPairs": []
                        }
                    ],
                    "tags": null
                },
                "arn:aws:ec2:eu-central-1:296062557786:security-group/sg-0eb7269f1cdac5802": {
                    "name": "default",
                    "region": "eu-central-1",
                    "id": "sg-0eb7269f1cdac5802",
                    "vpc_id": "vpc-0de8a921d59c8e2b9",
                    "associated_sgs": [
                        "sg-0eb7269f1cdac5802"
                    ],
                    "network_interfaces": [],
                    "ingress_rules": [
                        {
                            "IpProtocol": "-1",
                            "IpRanges": [],
                            "Ipv6Ranges": [],
                            "PrefixListIds": [],
                            "UserIdGroupPairs": [
                                {
                                    "GroupId": "sg-0eb7269f1cdac5802",
                                    "UserId": "296062557786"
                                }
                            ]
                        }
                    ],
                    "egress_rules": [
                        {
                            "IpProtocol": "-1",
                            "IpRanges": [
                                {
                                    "CidrIp": "0.0.0.0/0"
                                }
                            ],
                            "Ipv6Ranges": [],
                            "PrefixListIds": [],
                            "UserIdGroupPairs": []
                        }
                    ],
                    "tags": null
                },
                "arn:aws:ec2:ap-northeast-1:296062557786:security-group/sg-0c7c1f5c82648d4ef": {
                    "name": "default",
                    "region": "ap-northeast-1",
                    "id": "sg-0c7c1f5c82648d4ef",
                    "vpc_id": "vpc-03a036a8bdb0c1851",
                    "associated_sgs": [
                        "sg-0c7c1f5c82648d4ef"
                    ],
                    "network_interfaces": [],
                    "ingress_rules": [
                        {
                            "IpProtocol": "-1",
                            "IpRanges": [],
                            "Ipv6Ranges": [],
                            "PrefixListIds": [],
                            "UserIdGroupPairs": [
                                {
                                    "GroupId": "sg-0c7c1f5c82648d4ef",
                                    "UserId": "296062557786"
                                }
                            ]
                        }
                    ],
                    "egress_rules": [
                        {
                            "IpProtocol": "-1",
                            "IpRanges": [
                                {
                                    "CidrIp": "0.0.0.0/0"
                                }
                            ],
                            "Ipv6Ranges": [],
                            "PrefixListIds": [],
                            "UserIdGroupPairs": []
                        }
                    ],
                    "tags": null
                },
                "arn:aws:ec2:us-east-2:296062557786:security-group/sg-046b7d96da9417f85": {
                    "name": "default",
                    "region": "us-east-2",
                    "id": "sg-046b7d96da9417f85",
                    "vpc_id": "vpc-09cb82eb09a70fc47",
                    "associated_sgs": [
                        "sg-046b7d96da9417f85"
                    ],
                    "network_interfaces": [],
                    "ingress_rules": [
                        {
                            "IpProtocol": "-1",
                            "IpRanges": [],
                            "Ipv6Ranges": [],
                            "PrefixListIds": [],
                            "UserIdGroupPairs": [
                                {
                                    "GroupId": "sg-046b7d96da9417f85",
                                    "UserId": "296062557786"
                                }
                            ]
                        }
                    ],
                    "egress_rules": [
                        {
                            "IpProtocol": "-1",
                            "IpRanges": [
                                {
                                    "CidrIp": "0.0.0.0/0"
                                }
                            ],
                            "Ipv6Ranges": [],
                            "PrefixListIds": [],
                            "UserIdGroupPairs": []
                        }
                    ],
                    "tags": null
                },
                "arn:aws:ec2:us-east-1:296062557786:security-group/sg-02d74fc3df42c6e97": {
                    "name": "default",
                    "region": "us-east-1",
                    "id": "sg-02d74fc3df42c6e97",
                    "vpc_id": "vpc-0d6527c0df9cc3d24",
                    "associated_sgs": [
                        "sg-02d74fc3df42c6e97"
                    ],
                    "network_interfaces": [],
                    "ingress_rules": [
                        {
                            "IpProtocol": "-1",
                            "IpRanges": [],
                            "Ipv6Ranges": [],
                            "PrefixListIds": [],
                            "UserIdGroupPairs": [
                                {
                                    "GroupId": "sg-02d74fc3df42c6e97",
                                    "UserId": "296062557786"
                                }
                            ]
                        }
                    ],
                    "egress_rules": [
                        {
                            "IpProtocol": "-1",
                            "IpRanges": [
                                {
                                    "CidrIp": "0.0.0.0/0"
                                }
                            ],
                            "Ipv6Ranges": [],
                            "PrefixListIds": [],
                            "UserIdGroupPairs": []
                        }
                    ],
                    "tags": null
                },
                "arn:aws:ec2:eu-west-2:296062557786:security-group/sg-0672e48ac905a01e9": {
                    "name": "default",
                    "region": "eu-west-2",
                    "id": "sg-0672e48ac905a01e9",
                    "vpc_id": "vpc-08329ccb4bd02e85b",
                    "associated_sgs": [
                        "sg-0672e48ac905a01e9"
                    ],
                    "network_interfaces": [],
                    "ingress_rules": [
                        {
                            "IpProtocol": "-1",
                            "IpRanges": [],
                            "Ipv6Ranges": [],
                            "PrefixListIds": [],
                            "UserIdGroupPairs": [
                                {
                                    "GroupId": "sg-0672e48ac905a01e9",
                                    "UserId": "296062557786"
                                }
                            ]
                        }
                    ],
                    "egress_rules": [
                        {
                            "IpProtocol": "-1",
                            "IpRanges": [
                                {
                                    "CidrIp": "0.0.0.0/0"
                                }
                            ],
                            "Ipv6Ranges": [],
                            "PrefixListIds": [],
                            "UserIdGroupPairs": []
                        }
                    ],
                    "tags": null
                },
                "arn:aws:ec2:us-west-1:296062557786:security-group/sg-09affd36effdfba05": {
                    "name": "default",
                    "region": "us-west-1",
                    "id": "sg-09affd36effdfba05",
                    "vpc_id": "vpc-079e957611959d1fa",
                    "associated_sgs": [
                        "sg-09affd36effdfba05"
                    ],
                    "network_interfaces": [],
                    "ingress_rules": [
                        {
                            "IpProtocol": "-1",
                            "IpRanges": [],
                            "Ipv6Ranges": [],
                            "PrefixListIds": [],
                            "UserIdGroupPairs": [
                                {
                                    "GroupId": "sg-09affd36effdfba05",
                                    "UserId": "296062557786"
                                }
                            ]
                        }
                    ],
                    "egress_rules": [
                        {
                            "IpProtocol": "-1",
                            "IpRanges": [
                                {
                                    "CidrIp": "0.0.0.0/0"
                                }
                            ],
                            "Ipv6Ranges": [],
                            "PrefixListIds": [],
                            "UserIdGroupPairs": []
                        }
                    ],
                    "tags": null
                },
                "arn:aws:ec2:ap-northeast-2:296062557786:security-group/sg-03193e7be0b9ce97c": {
                    "name": "default",
                    "region": "ap-northeast-2",
                    "id": "sg-03193e7be0b9ce97c",
                    "vpc_id": "vpc-07ec67c8b3e661caa",
                    "associated_sgs": [
                        "sg-03193e7be0b9ce97c"
                    ],
                    "network_interfaces": [],
                    "ingress_rules": [
                        {
                            "IpProtocol": "-1",
                            "IpRanges": [],
                            "Ipv6Ranges": [],
                            "PrefixListIds": [],
                            "UserIdGroupPairs": [
                                {
                                    "GroupId": "sg-03193e7be0b9ce97c",
                                    "UserId": "296062557786"
                                }
                            ]
                        }
                    ],
                    "egress_rules": [
                        {
                            "IpProtocol": "-1",
                            "IpRanges": [
                                {
                                    "CidrIp": "0.0.0.0/0"
                                }
                            ],
                            "Ipv6Ranges": [],
                            "PrefixListIds": [],
                            "UserIdGroupPairs": []
                        }
                    ],
                    "tags": null
                },
                "arn:aws:ec2:ap-northeast-3:296062557786:security-group/sg-0a55323a357a7ddb7": {
                    "name": "default",
                    "region": "ap-northeast-3",
                    "id": "sg-0a55323a357a7ddb7",
                    "vpc_id": "vpc-0a4bcd9d14777f18c",
                    "associated_sgs": [
                        "sg-0a55323a357a7ddb7"
                    ],
                    "network_interfaces": [],
                    "ingress_rules": [
                        {
                            "IpProtocol": "-1",
                            "IpRanges": [],
                            "Ipv6Ranges": [],
                            "PrefixListIds": [],
                            "UserIdGroupPairs": [
                                {
                                    "GroupId": "sg-0a55323a357a7ddb7",
                                    "UserId": "296062557786"
                                }
                            ]
                        }
                    ],
                    "egress_rules": [
                        {
                            "IpProtocol": "-1",
                            "IpRanges": [
                                {
                                    "CidrIp": "0.0.0.0/0"
                                }
                            ],
                            "Ipv6Ranges": [],
                            "PrefixListIds": [],
                            "UserIdGroupPairs": []
                        }
                    ],
                    "tags": null
                },
                "arn:aws:ec2:eu-north-1:296062557786:security-group/sg-0e030e03588e2dcf8": {
                    "name": "default",
                    "region": "eu-north-1",
                    "id": "sg-0e030e03588e2dcf8",
                    "vpc_id": "vpc-0db26d3820d66c851",
                    "associated_sgs": [
                        "sg-0e030e03588e2dcf8"
                    ],
                    "network_interfaces": [],
                    "ingress_rules": [
                        {
                            "IpProtocol": "-1",
                            "IpRanges": [],
                            "Ipv6Ranges": [],
                            "PrefixListIds": [],
                            "UserIdGroupPairs": [
                                {
                                    "GroupId": "sg-0e030e03588e2dcf8",
                                    "UserId": "296062557786"
                                }
                            ]
                        }
                    ],
                    "egress_rules": [
                        {
                            "IpProtocol": "-1",
                            "IpRanges": [
                                {
                                    "CidrIp": "0.0.0.0/0"
                                }
                            ],
                            "Ipv6Ranges": [],
                            "PrefixListIds": [],
                            "UserIdGroupPairs": []
                        }
                    ],
                    "tags": null
                },
                "arn:aws:ec2:ap-southeast-2:296062557786:security-group/sg-0daeec3a8e3349ac4": {
                    "name": "default",
                    "region": "ap-southeast-2",
                    "id": "sg-0daeec3a8e3349ac4",
                    "vpc_id": "vpc-094ca63b388161063",
                    "associated_sgs": [
                        "sg-0daeec3a8e3349ac4"
                    ],
                    "network_interfaces": [],
                    "ingress_rules": [
                        {
                            "IpProtocol": "-1",
                            "IpRanges": [],
                            "Ipv6Ranges": [],
                            "PrefixListIds": [],
                            "UserIdGroupPairs": [
                                {
                                    "GroupId": "sg-0daeec3a8e3349ac4",
                                    "UserId": "296062557786"
                                }
                            ]
                        }
                    ],
                    "egress_rules": [
                        {
                            "IpProtocol": "-1",
                            "IpRanges": [
                                {
                                    "CidrIp": "0.0.0.0/0"
                                }
                            ],
                            "Ipv6Ranges": [],
                            "PrefixListIds": [],
                            "UserIdGroupPairs": []
                        }
                    ],
                    "tags": null
                },
                "arn:aws:ec2:ca-central-1:296062557786:security-group/sg-05ab1d0125e502248": {
                    "name": "default",
                    "region": "ca-central-1",
                    "id": "sg-05ab1d0125e502248",
                    "vpc_id": "vpc-0e5d476b6e1b6c2e2",
                    "associated_sgs": [
                        "sg-05ab1d0125e502248"
                    ],
                    "network_interfaces": [],
                    "ingress_rules": [
                        {
                            "IpProtocol": "-1",
                            "IpRanges": [],
                            "Ipv6Ranges": [],
                            "PrefixListIds": [],
                            "UserIdGroupPairs": [
                                {
                                    "GroupId": "sg-05ab1d0125e502248",
                                    "UserId": "296062557786"
                                }
                            ]
                        }
                    ],
                    "egress_rules": [
                        {
                            "IpProtocol": "-1",
                            "IpRanges": [
                                {
                                    "CidrIp": "0.0.0.0/0"
                                }
                            ],
                            "Ipv6Ranges": [],
                            "PrefixListIds": [],
                            "UserIdGroupPairs": []
                        }
                    ],
                    "tags": null
                },
                "arn:aws:ec2:sa-east-1:296062557786:security-group/sg-0ab7023e0b89cad5a": {
                    "name": "default",
                    "region": "sa-east-1",
                    "id": "sg-0ab7023e0b89cad5a",
                    "vpc_id": "vpc-09d47ecaa2ab9ba50",
                    "associated_sgs": [
                        "sg-0ab7023e0b89cad5a"
                    ],
                    "network_interfaces": [],
                    "ingress_rules": [
                        {
                            "IpProtocol": "-1",
                            "IpRanges": [],
                            "Ipv6Ranges": [],
                            "PrefixListIds": [],
                            "UserIdGroupPairs": [
                                {
                                    "GroupId": "sg-0ab7023e0b89cad5a",
                                    "UserId": "296062557786"
                                }
                            ]
                        }
                    ],
                    "egress_rules": [
                        {
                            "IpProtocol": "-1",
                            "IpRanges": [
                                {
                                    "CidrIp": "0.0.0.0/0"
                                }
                            ],
                            "Ipv6Ranges": [],
                            "PrefixListIds": [],
                            "UserIdGroupPairs": []
                        }
                    ],
                    "tags": null
                },
                "arn:aws:ec2:us-west-2:296062557786:security-group/sg-086ac96c3248b28a1": {
                    "name": "All-Instance-Open-Security-Group",
                    "region": "us-west-2",
                    "id": "sg-086ac96c3248b28a1",
                    "vpc_id": "vpc-0db9faadc069409db",
                    "associated_sgs": [],
                    "network_interfaces": [],
                    "ingress_rules": [
                        {
                            "FromPort": 80,
                            "IpProtocol": "tcp",
                            "IpRanges": [
                                {
                                    "CidrIp": "0.0.0.0/0"
                                }
                            ],
                            "Ipv6Ranges": [],
                            "PrefixListIds": [],
                            "ToPort": 80,
                            "UserIdGroupPairs": []
                        },
                        {
                            "FromPort": 5432,
                            "IpProtocol": "tcp",
                            "IpRanges": [
                                {
                                    "CidrIp": "0.0.0.0/0"
                                }
                            ],
                            "Ipv6Ranges": [],
                            "PrefixListIds": [],
                            "ToPort": 5432,
                            "UserIdGroupPairs": []
                        },
                        {
                            "FromPort": 22,
                            "IpProtocol": "tcp",
                            "IpRanges": [
                                {
                                    "CidrIp": "0.0.0.0/0"
                                }
                            ],
                            "Ipv6Ranges": [],
                            "PrefixListIds": [],
                            "ToPort": 22,
                            "UserIdGroupPairs": []
                        },
                        {
                            "FromPort": 443,
                            "IpProtocol": "tcp",
                            "IpRanges": [
                                {
                                    "CidrIp": "0.0.0.0/0"
                                }
                            ],
                            "Ipv6Ranges": [],
                            "PrefixListIds": [],
                            "ToPort": 443,
                            "UserIdGroupPairs": []
                        }
                    ],
                    "egress_rules": [
                        {
                            "IpProtocol": "-1",
                            "IpRanges": [
                                {
                                    "CidrIp": "0.0.0.0/0"
                                }
                            ],
                            "Ipv6Ranges": [],
                            "PrefixListIds": [],
                            "UserIdGroupPairs": []
                        }
                    ],
                    "tags": null
                },
                "arn:aws:ec2:us-west-2:296062557786:security-group/sg-0e07c5744b83f65c9": {
                    "name": "rds-ec2-3",
                    "region": "us-west-2",
                    "id": "sg-0e07c5744b83f65c9",
                    "vpc_id": "vpc-0db9faadc069409db",
                    "associated_sgs": [
                        "sg-02dd1073c2f04753c"
                    ],
                    "network_interfaces": [],
                    "ingress_rules": [
                        {
                            "FromPort": 5432,
                            "IpProtocol": "tcp",
                            "IpRanges": [],
                            "Ipv6Ranges": [],
                            "PrefixListIds": [],
                            "ToPort": 5432,
                            "UserIdGroupPairs": [
                                {
                                    "Description": "Rule to allow connections from EC2 instances with sg-02dd1073c2f04753c attached",
                                    "GroupId": "sg-02dd1073c2f04753c",
                                    "UserId": "296062557786"
                                }
                            ]
                        }
                    ],
                    "egress_rules": [],
                    "tags": null
                },
                "arn:aws:ec2:us-west-2:296062557786:security-group/sg-04c472106ac965c43": {
                    "name": "default",
                    "region": "us-west-2",
                    "id": "sg-04c472106ac965c43",
                    "vpc_id": "vpc-0db9faadc069409db",
                    "associated_sgs": [],
                    "network_interfaces": [
                        {
                            "id": "eni-0f2c2dd00ac4708d2",
                            "association": {
                                "AllocationId": "eipalloc-047f824774abfdccc",
                                "AssociationId": "eipassoc-0f84906d93c868b43",
                                "IpOwnerId": "296062557786",
                                "PublicDnsName": "ec2-44-231-126-161.us-west-2.compute.amazonaws.com",
                                "PublicIp": "44.231.126.161"
                            },
                            "attachment": {
                                "AttachTime": "2024-10-10T07:33:14+00:00",
                                "AttachmentId": "eni-attach-05d4f481f6026c146",
                                "DeleteOnTermination": true,
                                "DeviceIndex": 0,
                                "NetworkCardIndex": 0,
                                "InstanceId": "i-00075f5b13b6833f0",
                                "InstanceOwnerId": "296062557786",
                                "Status": "attached"
                            },
                            "private_ip": "172.31.13.139",
                            "public_ip_addresses": [
                                "44.231.126.161"
                            ],
                            "type": "interface",
                            "subnet_id": "subnet-0862fbb04d37a64b3",
                            "vpc_id": "vpc-0db9faadc069409db",
                            "region": "us-west-2",
                            "tags": []
                        },
                        {
                            "id": "eni-077f8bad5a7d0c2a0",
                            "association": {
                                "IpOwnerId": "amazon-elb",
                                "PublicDnsName": "ec2-44-238-250-202.us-west-2.compute.amazonaws.com",
                                "PublicIp": "44.238.250.202"
                            },
                            "attachment": {
                                "AttachTime": "2024-10-13T11:16:08+00:00",
                                "AttachmentId": "eni-attach-048e60799e23422e2",
                                "DeleteOnTermination": false,
                                "DeviceIndex": 1,
                                "NetworkCardIndex": 0,
                                "InstanceOwnerId": "amazon-elb",
                                "Status": "attached"
                            },
                            "private_ip": "172.31.7.15",
                            "public_ip_addresses": [
                                "44.238.250.202"
                            ],
                            "type": "interface",
                            "subnet_id": "subnet-0862fbb04d37a64b3",
                            "vpc_id": "vpc-0db9faadc069409db",
                            "region": "us-west-2",
                            "tags": []
                        },
                        {
                            "id": "eni-008f8cd80675c4abb",
                            "association": {},
                            "attachment": {
                                "AttachTime": "2024-10-14T06:48:36+00:00",
                                "AttachmentId": "eni-attach-0e783bbf5ef82e095",
                                "DeleteOnTermination": false,
                                "DeviceIndex": 1,
                                "NetworkCardIndex": 0,
                                "InstanceOwnerId": "359474739534",
                                "Status": "attached"
                            },
                            "private_ip": "172.31.65.215",
                            "public_ip_addresses": [],
                            "type": "interface",
                            "subnet_id": "subnet-0cca28c03a3d909bf",
                            "vpc_id": "vpc-0db9faadc069409db",
                            "region": "us-west-2",
                            "tags": []
                        },
                        {
                            "id": "eni-026f99007f1d6d230",
                            "association": {
                                "IpOwnerId": "amazon-elb",
                                "PublicDnsName": "ec2-44-226-44-67.us-west-2.compute.amazonaws.com",
                                "PublicIp": "44.226.44.67"
                            },
                            "attachment": {
                                "AttachTime": "2024-10-13T11:15:49+00:00",
                                "AttachmentId": "eni-attach-0c64389abc2fc6bf9",
                                "DeleteOnTermination": false,
                                "DeviceIndex": 1,
                                "NetworkCardIndex": 0,
                                "InstanceOwnerId": "amazon-elb",
                                "Status": "attached"
                            },
                            "private_ip": "172.31.28.157",
                            "public_ip_addresses": [
                                "44.226.44.67"
                            ],
                            "type": "interface",
                            "subnet_id": "subnet-0f2313c725355ea03",
                            "vpc_id": "vpc-0db9faadc069409db",
                            "region": "us-west-2",
                            "tags": []
                        }
                    ],
                    "ingress_rules": [
                        {
                            "FromPort": 80,
                            "IpProtocol": "tcp",
                            "IpRanges": [
                                {
                                    "CidrIp": "0.0.0.0/0"
                                }
                            ],
                            "Ipv6Ranges": [],
                            "PrefixListIds": [],
                            "ToPort": 80,
                            "UserIdGroupPairs": []
                        },
                        {
                            "FromPort": 5432,
                            "IpProtocol": "tcp",
                            "IpRanges": [
                                {
                                    "CidrIp": "0.0.0.0/0"
                                }
                            ],
                            "Ipv6Ranges": [],
                            "PrefixListIds": [],
                            "ToPort": 5432,
                            "UserIdGroupPairs": []
                        },
                        {
                            "FromPort": 22,
                            "IpProtocol": "tcp",
                            "IpRanges": [
                                {
                                    "CidrIp": "0.0.0.0/0"
                                }
                            ],
                            "Ipv6Ranges": [],
                            "PrefixListIds": [],
                            "ToPort": 22,
                            "UserIdGroupPairs": []
                        },
                        {
                            "FromPort": 443,
                            "IpProtocol": "tcp",
                            "IpRanges": [
                                {
                                    "CidrIp": "0.0.0.0/0"
                                }
                            ],
                            "Ipv6Ranges": [],
                            "PrefixListIds": [],
                            "ToPort": 443,
                            "UserIdGroupPairs": []
                        }
                    ],
                    "egress_rules": [
                        {
                            "IpProtocol": "-1",
                            "IpRanges": [
                                {
                                    "CidrIp": "0.0.0.0/0"
                                }
                            ],
                            "Ipv6Ranges": [],
                            "PrefixListIds": [],
                            "UserIdGroupPairs": []
                        }
                    ],
                    "tags": null
                },
                "arn:aws:ec2:us-west-2:296062557786:security-group/sg-02dd1073c2f04753c": {
                    "name": "ec2-rds-3",
                    "region": "us-west-2",
                    "id": "sg-02dd1073c2f04753c",
                    "vpc_id": "vpc-0db9faadc069409db",
                    "associated_sgs": [],
                    "network_interfaces": [
                        null
                    ],
                    "ingress_rules": [],
                    "egress_rules": [
                        {
                            "FromPort": 5432,
                            "IpProtocol": "tcp",
                            "IpRanges": [],
                            "Ipv6Ranges": [],
                            "PrefixListIds": [],
                            "ToPort": 5432,
                            "UserIdGroupPairs": [
                                {
                                    "Description": "Rule to allow connections to kovr-dev from any instances this security group is attached to",
                                    "GroupId": "sg-0e07c5744b83f65c9",
                                    "UserId": "296062557786"
                                }
                            ]
                        }
                    ],
                    "tags": null
                },
                "arn:aws:ec2:us-west-2:296062557786:security-group/sg-0137d1982896e818a": {
                    "name": "rds-ec2-1",
                    "region": "us-west-2",
                    "id": "sg-0137d1982896e818a",
                    "vpc_id": "vpc-0db9faadc069409db",
                    "associated_sgs": [
                        "sg-093ebfa483ce68125"
                    ],
                    "network_interfaces": [],
                    "ingress_rules": [
                        {
                            "FromPort": 5432,
                            "IpProtocol": "tcp",
                            "IpRanges": [],
                            "Ipv6Ranges": [],
                            "PrefixListIds": [],
                            "ToPort": 5432,
                            "UserIdGroupPairs": [
                                {
                                    "Description": "Rule to allow connections from EC2 instances with sg-093ebfa483ce68125 attached",
                                    "GroupId": "sg-093ebfa483ce68125",
                                    "UserId": "296062557786"
                                }
                            ]
                        }
                    ],
                    "egress_rules": [],
                    "tags": null
                },
                "arn:aws:ec2:us-west-2:296062557786:security-group/sg-0b8aceea5cf5aa391": {
                    "name": "ec2-rds-4",
                    "region": "us-west-2",
                    "id": "sg-0b8aceea5cf5aa391",
                    "vpc_id": "vpc-0db9faadc069409db",
                    "associated_sgs": [],
                    "network_interfaces": [
                        null
                    ],
                    "ingress_rules": [
                        {
                            "FromPort": 5432,
                            "IpProtocol": "tcp",
                            "IpRanges": [
                                {
                                    "CidrIp": "139.195.131.136/32"
                                }
                            ],
                            "Ipv6Ranges": [],
                            "PrefixListIds": [],
                            "ToPort": 5432,
                            "UserIdGroupPairs": []
                        }
                    ],
                    "egress_rules": [
                        {
                            "FromPort": 5432,
                            "IpProtocol": "tcp",
                            "IpRanges": [],
                            "Ipv6Ranges": [],
                            "PrefixListIds": [],
                            "ToPort": 5432,
                            "UserIdGroupPairs": [
                                {
                                    "Description": "Rule to allow connections to kovrai-dev from any instances this security group is attached to",
                                    "GroupId": "sg-0a2afd77258b5c38e",
                                    "UserId": "296062557786"
                                }
                            ]
                        }
                    ],
                    "tags": null
                },
                "arn:aws:ec2:us-west-2:296062557786:security-group/sg-093ebfa483ce68125": {
                    "name": "ec2-rds-1",
                    "region": "us-west-2",
                    "id": "sg-093ebfa483ce68125",
                    "vpc_id": "vpc-0db9faadc069409db",
                    "associated_sgs": [],
                    "network_interfaces": [
                        null
                    ],
                    "ingress_rules": [],
                    "egress_rules": [
                        {
                            "FromPort": 5432,
                            "IpProtocol": "tcp",
                            "IpRanges": [],
                            "Ipv6Ranges": [],
                            "PrefixListIds": [],
                            "ToPort": 5432,
                            "UserIdGroupPairs": [
                                {
                                    "Description": "Rule to allow connections to kovr-dev from any instances this security group is attached to",
                                    "GroupId": "sg-0137d1982896e818a",
                                    "UserId": "296062557786"
                                }
                            ]
                        }
                    ],
                    "tags": null
                },
                "arn:aws:ec2:us-west-2:296062557786:security-group/sg-0fa0341d5da521202": {
                    "name": "rds-ec2-2",
                    "region": "us-west-2",
                    "id": "sg-0fa0341d5da521202",
                    "vpc_id": "vpc-0db9faadc069409db",
                    "associated_sgs": [
                        "sg-0f8d314371e5fdfc6"
                    ],
                    "network_interfaces": [],
                    "ingress_rules": [
                        {
                            "FromPort": 5432,
                            "IpProtocol": "tcp",
                            "IpRanges": [],
                            "Ipv6Ranges": [],
                            "PrefixListIds": [],
                            "ToPort": 5432,
                            "UserIdGroupPairs": [
                                {
                                    "Description": "Rule to allow connections from EC2 instances with sg-0f8d314371e5fdfc6 attached",
                                    "GroupId": "sg-0f8d314371e5fdfc6",
                                    "UserId": "296062557786"
                                }
                            ]
                        }
                    ],
                    "egress_rules": [],
                    "tags": null
                },
                "arn:aws:ec2:us-west-2:296062557786:security-group/sg-0f8d314371e5fdfc6": {
                    "name": "ec2-rds-2",
                    "region": "us-west-2",
                    "id": "sg-0f8d314371e5fdfc6",
                    "vpc_id": "vpc-0db9faadc069409db",
                    "associated_sgs": [],
                    "network_interfaces": [
                        null
                    ],
                    "ingress_rules": [],
                    "egress_rules": [
                        {
                            "FromPort": 5432,
                            "IpProtocol": "tcp",
                            "IpRanges": [],
                            "Ipv6Ranges": [],
                            "PrefixListIds": [],
                            "ToPort": 5432,
                            "UserIdGroupPairs": [
                                {
                                    "Description": "Rule to allow connections to koverai-dev from any instances this security group is attached to",
                                    "GroupId": "sg-0fa0341d5da521202",
                                    "UserId": "296062557786"
                                }
                            ]
                        }
                    ],
                    "tags": null
                },
                "arn:aws:ec2:us-west-2:296062557786:security-group/sg-0a2afd77258b5c38e": {
                    "name": "rds-ec2-4",
                    "region": "us-west-2",
                    "id": "sg-0a2afd77258b5c38e",
                    "vpc_id": "vpc-0db9faadc069409db",
                    "associated_sgs": [
                        "sg-0b8aceea5cf5aa391"
                    ],
                    "network_interfaces": [],
                    "ingress_rules": [
                        {
                            "FromPort": 5432,
                            "IpProtocol": "tcp",
                            "IpRanges": [],
                            "Ipv6Ranges": [],
                            "PrefixListIds": [],
                            "ToPort": 5432,
                            "UserIdGroupPairs": [
                                {
                                    "Description": "Rule to allow connections from EC2 instances with sg-0b8aceea5cf5aa391 attached",
                                    "GroupId": "sg-0b8aceea5cf5aa391",
                                    "UserId": "296062557786"
                                }
                            ]
                        }
                    ],
                    "egress_rules": [],
                    "tags": null
                }
            },
            "regions_with_sgs": [
                "us-west-2",
                "us-west-2",
                "us-west-2",
                "us-west-2",
                "us-west-2",
                "us-west-2",
                "us-west-2",
                "us-west-2",
                "us-west-2"
            ],
            "network_acls": {
                "arn:aws:ec2:ap-south-1:296062557786:network-acl/acl-08b6a95a897484a30": {
                    "id": "acl-08b6a95a897484a30",
                    "arn": "arn:aws:ec2:ap-south-1:296062557786:network-acl/acl-08b6a95a897484a30",
                    "name": "",
                    "region": "ap-south-1",
                    "entries": [
                        {
                            "CidrBlock": "0.0.0.0/0",
                            "Egress": true,
                            "Protocol": "-1",
                            "RuleAction": "allow",
                            "RuleNumber": 100
                        },
                        {
                            "CidrBlock": "0.0.0.0/0",
                            "Egress": true,
                            "Protocol": "-1",
                            "RuleAction": "deny",
                            "RuleNumber": 32767
                        },
                        {
                            "CidrBlock": "0.0.0.0/0",
                            "Egress": false,
                            "Protocol": "-1",
                            "RuleAction": "allow",
                            "RuleNumber": 100
                        },
                        {
                            "CidrBlock": "0.0.0.0/0",
                            "Egress": false,
                            "Protocol": "-1",
                            "RuleAction": "deny",
                            "RuleNumber": 32767
                        }
                    ],
                    "default": true,
                    "in_use": true,
                    "tags": []
                },
                "arn:aws:ec2:ap-southeast-1:296062557786:network-acl/acl-0100592621fcfa3db": {
                    "id": "acl-0100592621fcfa3db",
                    "arn": "arn:aws:ec2:ap-southeast-1:296062557786:network-acl/acl-0100592621fcfa3db",
                    "name": "",
                    "region": "ap-southeast-1",
                    "entries": [
                        {
                            "CidrBlock": "0.0.0.0/0",
                            "Egress": true,
                            "Protocol": "-1",
                            "RuleAction": "allow",
                            "RuleNumber": 100
                        },
                        {
                            "CidrBlock": "0.0.0.0/0",
                            "Egress": true,
                            "Protocol": "-1",
                            "RuleAction": "deny",
                            "RuleNumber": 32767
                        },
                        {
                            "CidrBlock": "0.0.0.0/0",
                            "Egress": false,
                            "Protocol": "-1",
                            "RuleAction": "allow",
                            "RuleNumber": 100
                        },
                        {
                            "CidrBlock": "0.0.0.0/0",
                            "Egress": false,
                            "Protocol": "-1",
                            "RuleAction": "deny",
                            "RuleNumber": 32767
                        }
                    ],
                    "default": true,
                    "in_use": true,
                    "tags": []
                },
                "arn:aws:ec2:ap-northeast-1:296062557786:network-acl/acl-09fd7318dde5ff996": {
                    "id": "acl-09fd7318dde5ff996",
                    "arn": "arn:aws:ec2:ap-northeast-1:296062557786:network-acl/acl-09fd7318dde5ff996",
                    "name": "",
                    "region": "ap-northeast-1",
                    "entries": [
                        {
                            "CidrBlock": "0.0.0.0/0",
                            "Egress": true,
                            "Protocol": "-1",
                            "RuleAction": "allow",
                            "RuleNumber": 100
                        },
                        {
                            "CidrBlock": "0.0.0.0/0",
                            "Egress": true,
                            "Protocol": "-1",
                            "RuleAction": "deny",
                            "RuleNumber": 32767
                        },
                        {
                            "CidrBlock": "0.0.0.0/0",
                            "Egress": false,
                            "Protocol": "-1",
                            "RuleAction": "allow",
                            "RuleNumber": 100
                        },
                        {
                            "CidrBlock": "0.0.0.0/0",
                            "Egress": false,
                            "Protocol": "-1",
                            "RuleAction": "deny",
                            "RuleNumber": 32767
                        }
                    ],
                    "default": true,
                    "in_use": true,
                    "tags": []
                },
                "arn:aws:ec2:eu-west-1:296062557786:network-acl/acl-0124b2fb666182603": {
                    "id": "acl-0124b2fb666182603",
                    "arn": "arn:aws:ec2:eu-west-1:296062557786:network-acl/acl-0124b2fb666182603",
                    "name": "",
                    "region": "eu-west-1",
                    "entries": [
                        {
                            "CidrBlock": "0.0.0.0/0",
                            "Egress": true,
                            "Protocol": "-1",
                            "RuleAction": "allow",
                            "RuleNumber": 100
                        },
                        {
                            "CidrBlock": "0.0.0.0/0",
                            "Egress": true,
                            "Protocol": "-1",
                            "RuleAction": "deny",
                            "RuleNumber": 32767
                        },
                        {
                            "CidrBlock": "0.0.0.0/0",
                            "Egress": false,
                            "Protocol": "-1",
                            "RuleAction": "allow",
                            "RuleNumber": 100
                        },
                        {
                            "CidrBlock": "0.0.0.0/0",
                            "Egress": false,
                            "Protocol": "-1",
                            "RuleAction": "deny",
                            "RuleNumber": 32767
                        }
                    ],
                    "default": true,
                    "in_use": true,
                    "tags": []
                },
                "arn:aws:ec2:eu-west-3:296062557786:network-acl/acl-0fe4d1e758729e355": {
                    "id": "acl-0fe4d1e758729e355",
                    "arn": "arn:aws:ec2:eu-west-3:296062557786:network-acl/acl-0fe4d1e758729e355",
                    "name": "",
                    "region": "eu-west-3",
                    "entries": [
                        {
                            "CidrBlock": "0.0.0.0/0",
                            "Egress": true,
                            "Protocol": "-1",
                            "RuleAction": "allow",
                            "RuleNumber": 100
                        },
                        {
                            "CidrBlock": "0.0.0.0/0",
                            "Egress": true,
                            "Protocol": "-1",
                            "RuleAction": "deny",
                            "RuleNumber": 32767
                        },
                        {
                            "CidrBlock": "0.0.0.0/0",
                            "Egress": false,
                            "Protocol": "-1",
                            "RuleAction": "allow",
                            "RuleNumber": 100
                        },
                        {
                            "CidrBlock": "0.0.0.0/0",
                            "Egress": false,
                            "Protocol": "-1",
                            "RuleAction": "deny",
                            "RuleNumber": 32767
                        }
                    ],
                    "default": true,
                    "in_use": true,
                    "tags": []
                },
                "arn:aws:ec2:eu-central-1:296062557786:network-acl/acl-09ee76d2ec634dc4d": {
                    "id": "acl-09ee76d2ec634dc4d",
                    "arn": "arn:aws:ec2:eu-central-1:296062557786:network-acl/acl-09ee76d2ec634dc4d",
                    "name": "",
                    "region": "eu-central-1",
                    "entries": [
                        {
                            "CidrBlock": "0.0.0.0/0",
                            "Egress": true,
                            "Protocol": "-1",
                            "RuleAction": "allow",
                            "RuleNumber": 100
                        },
                        {
                            "CidrBlock": "0.0.0.0/0",
                            "Egress": true,
                            "Protocol": "-1",
                            "RuleAction": "deny",
                            "RuleNumber": 32767
                        },
                        {
                            "CidrBlock": "0.0.0.0/0",
                            "Egress": false,
                            "Protocol": "-1",
                            "RuleAction": "allow",
                            "RuleNumber": 100
                        },
                        {
                            "CidrBlock": "0.0.0.0/0",
                            "Egress": false,
                            "Protocol": "-1",
                            "RuleAction": "deny",
                            "RuleNumber": 32767
                        }
                    ],
                    "default": true,
                    "in_use": true,
                    "tags": []
                },
                "arn:aws:ec2:eu-west-2:296062557786:network-acl/acl-070dbd1694713da85": {
                    "id": "acl-070dbd1694713da85",
                    "arn": "arn:aws:ec2:eu-west-2:296062557786:network-acl/acl-070dbd1694713da85",
                    "name": "",
                    "region": "eu-west-2",
                    "entries": [
                        {
                            "CidrBlock": "0.0.0.0/0",
                            "Egress": true,
                            "Protocol": "-1",
                            "RuleAction": "allow",
                            "RuleNumber": 100
                        },
                        {
                            "CidrBlock": "0.0.0.0/0",
                            "Egress": true,
                            "Protocol": "-1",
                            "RuleAction": "deny",
                            "RuleNumber": 32767
                        },
                        {
                            "CidrBlock": "0.0.0.0/0",
                            "Egress": false,
                            "Protocol": "-1",
                            "RuleAction": "allow",
                            "RuleNumber": 100
                        },
                        {
                            "CidrBlock": "0.0.0.0/0",
                            "Egress": false,
                            "Protocol": "-1",
                            "RuleAction": "deny",
                            "RuleNumber": 32767
                        }
                    ],
                    "default": true,
                    "in_use": true,
                    "tags": []
                },
                "arn:aws:ec2:us-east-1:296062557786:network-acl/acl-0fab271e481083773": {
                    "id": "acl-0fab271e481083773",
                    "arn": "arn:aws:ec2:us-east-1:296062557786:network-acl/acl-0fab271e481083773",
                    "name": "",
                    "region": "us-east-1",
                    "entries": [
                        {
                            "CidrBlock": "0.0.0.0/0",
                            "Egress": true,
                            "Protocol": "-1",
                            "RuleAction": "allow",
                            "RuleNumber": 100
                        },
                        {
                            "CidrBlock": "0.0.0.0/0",
                            "Egress": true,
                            "Protocol": "-1",
                            "RuleAction": "deny",
                            "RuleNumber": 32767
                        },
                        {
                            "CidrBlock": "0.0.0.0/0",
                            "Egress": false,
                            "Protocol": "-1",
                            "RuleAction": "allow",
                            "RuleNumber": 100
                        },
                        {
                            "CidrBlock": "0.0.0.0/0",
                            "Egress": false,
                            "Protocol": "-1",
                            "RuleAction": "deny",
                            "RuleNumber": 32767
                        }
                    ],
                    "default": true,
                    "in_use": true,
                    "tags": []
                },
                "arn:aws:ec2:us-east-2:296062557786:network-acl/acl-0ce01d4e67765490f": {
                    "id": "acl-0ce01d4e67765490f",
                    "arn": "arn:aws:ec2:us-east-2:296062557786:network-acl/acl-0ce01d4e67765490f",
                    "name": "",
                    "region": "us-east-2",
                    "entries": [
                        {
                            "CidrBlock": "0.0.0.0/0",
                            "Egress": true,
                            "Protocol": "-1",
                            "RuleAction": "allow",
                            "RuleNumber": 100
                        },
                        {
                            "CidrBlock": "0.0.0.0/0",
                            "Egress": true,
                            "Protocol": "-1",
                            "RuleAction": "deny",
                            "RuleNumber": 32767
                        },
                        {
                            "CidrBlock": "0.0.0.0/0",
                            "Egress": false,
                            "Protocol": "-1",
                            "RuleAction": "allow",
                            "RuleNumber": 100
                        },
                        {
                            "CidrBlock": "0.0.0.0/0",
                            "Egress": false,
                            "Protocol": "-1",
                            "RuleAction": "deny",
                            "RuleNumber": 32767
                        }
                    ],
                    "default": true,
                    "in_use": true,
                    "tags": []
                },
                "arn:aws:ec2:us-west-1:296062557786:network-acl/acl-0e220cc048353a90c": {
                    "id": "acl-0e220cc048353a90c",
                    "arn": "arn:aws:ec2:us-west-1:296062557786:network-acl/acl-0e220cc048353a90c",
                    "name": "",
                    "region": "us-west-1",
                    "entries": [
                        {
                            "CidrBlock": "0.0.0.0/0",
                            "Egress": true,
                            "Protocol": "-1",
                            "RuleAction": "allow",
                            "RuleNumber": 100
                        },
                        {
                            "CidrBlock": "0.0.0.0/0",
                            "Egress": true,
                            "Protocol": "-1",
                            "RuleAction": "deny",
                            "RuleNumber": 32767
                        },
                        {
                            "CidrBlock": "0.0.0.0/0",
                            "Egress": false,
                            "Protocol": "-1",
                            "RuleAction": "allow",
                            "RuleNumber": 100
                        },
                        {
                            "CidrBlock": "0.0.0.0/0",
                            "Egress": false,
                            "Protocol": "-1",
                            "RuleAction": "deny",
                            "RuleNumber": 32767
                        }
                    ],
                    "default": true,
                    "in_use": true,
                    "tags": []
                },
                "arn:aws:ec2:us-west-2:296062557786:network-acl/acl-08e636356736b8799": {
                    "id": "acl-08e636356736b8799",
                    "arn": "arn:aws:ec2:us-west-2:296062557786:network-acl/acl-08e636356736b8799",
                    "name": "",
                    "region": "us-west-2",
                    "entries": [
                        {
                            "CidrBlock": "0.0.0.0/0",
                            "Egress": true,
                            "Protocol": "-1",
                            "RuleAction": "allow",
                            "RuleNumber": 100
                        },
                        {
                            "CidrBlock": "0.0.0.0/0",
                            "Egress": true,
                            "Protocol": "-1",
                            "RuleAction": "deny",
                            "RuleNumber": 32767
                        },
                        {
                            "CidrBlock": "0.0.0.0/0",
                            "Egress": false,
                            "Protocol": "-1",
                            "RuleAction": "allow",
                            "RuleNumber": 100
                        },
                        {
                            "CidrBlock": "0.0.0.0/0",
                            "Egress": false,
                            "Protocol": "-1",
                            "RuleAction": "deny",
                            "RuleNumber": 32767
                        }
                    ],
                    "default": true,
                    "in_use": true,
                    "tags": []
                },
                "arn:aws:ec2:ap-northeast-2:296062557786:network-acl/acl-047874ce2a11c79b8": {
                    "id": "acl-047874ce2a11c79b8",
                    "arn": "arn:aws:ec2:ap-northeast-2:296062557786:network-acl/acl-047874ce2a11c79b8",
                    "name": "",
                    "region": "ap-northeast-2",
                    "entries": [
                        {
                            "CidrBlock": "0.0.0.0/0",
                            "Egress": true,
                            "Protocol": "-1",
                            "RuleAction": "allow",
                            "RuleNumber": 100
                        },
                        {
                            "CidrBlock": "0.0.0.0/0",
                            "Egress": true,
                            "Protocol": "-1",
                            "RuleAction": "deny",
                            "RuleNumber": 32767
                        },
                        {
                            "CidrBlock": "0.0.0.0/0",
                            "Egress": false,
                            "Protocol": "-1",
                            "RuleAction": "allow",
                            "RuleNumber": 100
                        },
                        {
                            "CidrBlock": "0.0.0.0/0",
                            "Egress": false,
                            "Protocol": "-1",
                            "RuleAction": "deny",
                            "RuleNumber": 32767
                        }
                    ],
                    "default": true,
                    "in_use": true,
                    "tags": []
                },
                "arn:aws:ec2:eu-north-1:296062557786:network-acl/acl-0bfae505b039d7a14": {
                    "id": "acl-0bfae505b039d7a14",
                    "arn": "arn:aws:ec2:eu-north-1:296062557786:network-acl/acl-0bfae505b039d7a14",
                    "name": "",
                    "region": "eu-north-1",
                    "entries": [
                        {
                            "CidrBlock": "0.0.0.0/0",
                            "Egress": true,
                            "Protocol": "-1",
                            "RuleAction": "allow",
                            "RuleNumber": 100
                        },
                        {
                            "CidrBlock": "0.0.0.0/0",
                            "Egress": true,
                            "Protocol": "-1",
                            "RuleAction": "deny",
                            "RuleNumber": 32767
                        },
                        {
                            "CidrBlock": "0.0.0.0/0",
                            "Egress": false,
                            "Protocol": "-1",
                            "RuleAction": "allow",
                            "RuleNumber": 100
                        },
                        {
                            "CidrBlock": "0.0.0.0/0",
                            "Egress": false,
                            "Protocol": "-1",
                            "RuleAction": "deny",
                            "RuleNumber": 32767
                        }
                    ],
                    "default": true,
                    "in_use": true,
                    "tags": []
                },
                "arn:aws:ec2:ap-northeast-3:296062557786:network-acl/acl-044fa39c3896e3eec": {
                    "id": "acl-044fa39c3896e3eec",
                    "arn": "arn:aws:ec2:ap-northeast-3:296062557786:network-acl/acl-044fa39c3896e3eec",
                    "name": "",
                    "region": "ap-northeast-3",
                    "entries": [
                        {
                            "CidrBlock": "0.0.0.0/0",
                            "Egress": true,
                            "Protocol": "-1",
                            "RuleAction": "allow",
                            "RuleNumber": 100
                        },
                        {
                            "CidrBlock": "0.0.0.0/0",
                            "Egress": true,
                            "Protocol": "-1",
                            "RuleAction": "deny",
                            "RuleNumber": 32767
                        },
                        {
                            "CidrBlock": "0.0.0.0/0",
                            "Egress": false,
                            "Protocol": "-1",
                            "RuleAction": "allow",
                            "RuleNumber": 100
                        },
                        {
                            "CidrBlock": "0.0.0.0/0",
                            "Egress": false,
                            "Protocol": "-1",
                            "RuleAction": "deny",
                            "RuleNumber": 32767
                        }
                    ],
                    "default": true,
                    "in_use": true,
                    "tags": []
                },
                "arn:aws:ec2:ap-southeast-2:296062557786:network-acl/acl-08bf4e10a9bcf8838": {
                    "id": "acl-08bf4e10a9bcf8838",
                    "arn": "arn:aws:ec2:ap-southeast-2:296062557786:network-acl/acl-08bf4e10a9bcf8838",
                    "name": "",
                    "region": "ap-southeast-2",
                    "entries": [
                        {
                            "CidrBlock": "0.0.0.0/0",
                            "Egress": true,
                            "Protocol": "-1",
                            "RuleAction": "allow",
                            "RuleNumber": 100
                        },
                        {
                            "CidrBlock": "0.0.0.0/0",
                            "Egress": true,
                            "Protocol": "-1",
                            "RuleAction": "deny",
                            "RuleNumber": 32767
                        },
                        {
                            "CidrBlock": "0.0.0.0/0",
                            "Egress": false,
                            "Protocol": "-1",
                            "RuleAction": "allow",
                            "RuleNumber": 100
                        },
                        {
                            "CidrBlock": "0.0.0.0/0",
                            "Egress": false,
                            "Protocol": "-1",
                            "RuleAction": "deny",
                            "RuleNumber": 32767
                        }
                    ],
                    "default": true,
                    "in_use": true,
                    "tags": []
                },
                "arn:aws:ec2:ca-central-1:296062557786:network-acl/acl-085df02fdf745a016": {
                    "id": "acl-085df02fdf745a016",
                    "arn": "arn:aws:ec2:ca-central-1:296062557786:network-acl/acl-085df02fdf745a016",
                    "name": "",
                    "region": "ca-central-1",
                    "entries": [
                        {
                            "CidrBlock": "0.0.0.0/0",
                            "Egress": true,
                            "Protocol": "-1",
                            "RuleAction": "allow",
                            "RuleNumber": 100
                        },
                        {
                            "CidrBlock": "0.0.0.0/0",
                            "Egress": true,
                            "Protocol": "-1",
                            "RuleAction": "deny",
                            "RuleNumber": 32767
                        },
                        {
                            "CidrBlock": "0.0.0.0/0",
                            "Egress": false,
                            "Protocol": "-1",
                            "RuleAction": "allow",
                            "RuleNumber": 100
                        },
                        {
                            "CidrBlock": "0.0.0.0/0",
                            "Egress": false,
                            "Protocol": "-1",
                            "RuleAction": "deny",
                            "RuleNumber": 32767
                        }
                    ],
                    "default": true,
                    "in_use": true,
                    "tags": []
                },
                "arn:aws:ec2:sa-east-1:296062557786:network-acl/acl-0ce05cacdcbc3111c": {
                    "id": "acl-0ce05cacdcbc3111c",
                    "arn": "arn:aws:ec2:sa-east-1:296062557786:network-acl/acl-0ce05cacdcbc3111c",
                    "name": "",
                    "region": "sa-east-1",
                    "entries": [
                        {
                            "CidrBlock": "0.0.0.0/0",
                            "Egress": true,
                            "Protocol": "-1",
                            "RuleAction": "allow",
                            "RuleNumber": 100
                        },
                        {
                            "CidrBlock": "0.0.0.0/0",
                            "Egress": true,
                            "Protocol": "-1",
                            "RuleAction": "deny",
                            "RuleNumber": 32767
                        },
                        {
                            "CidrBlock": "0.0.0.0/0",
                            "Egress": false,
                            "Protocol": "-1",
                            "RuleAction": "allow",
                            "RuleNumber": 100
                        },
                        {
                            "CidrBlock": "0.0.0.0/0",
                            "Egress": false,
                            "Protocol": "-1",
                            "RuleAction": "deny",
                            "RuleNumber": 32767
                        }
                    ],
                    "default": true,
                    "in_use": true,
                    "tags": []
                }
            },
            "snapshots": [],
            "volumes_with_snapshots": {},
            "regions_with_snapshots": {
                "ap-south-1": false,
                "ap-southeast-1": false,
                "eu-west-3": false,
                "eu-west-1": false,
                "eu-central-1": false,
                "ap-northeast-1": false,
                "eu-west-2": false,
                "us-east-2": false,
                "us-east-1": false,
                "us-west-1": false,
                "us-west-2": false,
                "ap-northeast-2": false,
                "eu-north-1": false,
                "ap-northeast-3": false,
                "ap-southeast-2": false,
                "ca-central-1": false,
                "sa-east-1": false
            },
            "network_interfaces": {
                "eni-0f2c2dd00ac4708d2": null,
                "eni-077f8bad5a7d0c2a0": null,
                "eni-008f8cd80675c4abb": null,
                "eni-026f99007f1d6d230": null
            },
            "images": [],
            "volumes": [
                {
                    "id": "vol-069a241187cfdd508",
                    "arn": "arn:aws:ec2:us-west-2:296062557786:volume/vol-069a241187cfdd508",
                    "region": "us-west-2",
                    "encrypted": false,
                    "tags": null
                }
            ],
            "attributes_for_regions": {
                "us-west-2": {
                    "has_instances": true,
                    "has_snapshots": false,
                    "has_volumes": true
                },
                "ap-south-1": {
                    "has_instances": false,
                    "has_snapshots": false,
                    "has_volumes": false
                },
                "ap-northeast-1": {
                    "has_instances": false,
                    "has_snapshots": false,
                    "has_volumes": false
                },
                "us-east-2": {
                    "has_instances": false,
                    "has_snapshots": false,
                    "has_volumes": false
                },
                "eu-central-1": {
                    "has_instances": false,
                    "has_snapshots": false,
                    "has_volumes": false
                },
                "eu-west-3": {
                    "has_instances": false,
                    "has_snapshots": false,
                    "has_volumes": false
                },
                "eu-west-1": {
                    "has_instances": false,
                    "has_snapshots": false,
                    "has_volumes": false
                },
                "us-west-1": {
                    "has_instances": false,
                    "has_snapshots": false,
                    "has_volumes": false
                },
                "us-east-1": {
                    "has_instances": false,
                    "has_snapshots": false,
                    "has_volumes": false
                },
                "ap-southeast-1": {
                    "has_instances": false,
                    "has_snapshots": false,
                    "has_volumes": false
                },
                "eu-west-2": {
                    "has_instances": false,
                    "has_snapshots": false,
                    "has_volumes": false
                },
                "ap-northeast-2": {
                    "has_instances": false,
                    "has_snapshots": false,
                    "has_volumes": false
                },
                "eu-north-1": {
                    "has_instances": false,
                    "has_snapshots": false,
                    "has_volumes": false
                },
                "sa-east-1": {
                    "has_instances": false,
                    "has_snapshots": false,
                    "has_volumes": false
                },
                "ap-northeast-3": {
                    "has_instances": false,
                    "has_snapshots": false,
                    "has_volumes": false
                },
                "ap-southeast-2": {
                    "has_instances": false,
                    "has_snapshots": false,
                    "has_volumes": false
                },
                "ca-central-1": {
                    "has_instances": false,
                    "has_snapshots": false,
                    "has_volumes": false
                }
            },
            "ebs_encryption_by_default": [
                {
                    "status": false,
                    "volumes": false,
                    "region": "ap-south-1"
                },
                {
                    "status": false,
                    "volumes": false,
                    "region": "ap-southeast-1"
                },
                {
                    "status": false,
                    "volumes": false,
                    "region": "eu-west-3"
                },
                {
                    "status": false,
                    "volumes": false,
                    "region": "ap-northeast-1"
                },
                {
                    "status": false,
                    "volumes": false,
                    "region": "eu-west-1"
                },
                {
                    "status": false,
                    "volumes": false,
                    "region": "eu-central-1"
                },
                {
                    "status": false,
                    "volumes": false,
                    "region": "eu-west-2"
                },
                {
                    "status": false,
                    "volumes": false,
                    "region": "us-east-1"
                },
                {
                    "status": false,
                    "volumes": false,
                    "region": "us-east-2"
                },
                {
                    "status": false,
                    "volumes": false,
                    "region": "us-west-1"
                },
                {
                    "status": false,
                    "volumes": false,
                    "region": "ap-northeast-2"
                },
                {
                    "status": false,
                    "volumes": true,
                    "region": "us-west-2"
                },
                {
                    "status": false,
                    "volumes": false,
                    "region": "ap-northeast-3"
                },
                {
                    "status": false,
                    "volumes": false,
                    "region": "eu-north-1"
                },
                {
                    "status": false,
                    "volumes": false,
                    "region": "ap-southeast-2"
                },
                {
                    "status": false,
                    "volumes": false,
                    "region": "ca-central-1"
                },
                {
                    "status": false,
                    "volumes": false,
                    "region": "sa-east-1"
                }
            ],
            "elastic_ips": [
                {
                    "public_ip": "44.231.126.161",
                    "association_id": "eipassoc-0f84906d93c868b43",
                    "arn": "arn:aws:ec2:us-west-2:296062557786:eip-allocation/eipalloc-047f824774abfdccc",
                    "allocation_id": "eipalloc-047f824774abfdccc",
                    "region": "us-west-2",
                    "tags": null
                }
            ],
            "ebs_block_public_access_snapshots_states": [
                {
                    "status": "unblocked",
                    "snapshots": false,
                    "region": "ap-south-1"
                },
                {
                    "status": "unblocked",
                    "snapshots": false,
                    "region": "ap-southeast-1"
                },
                {
                    "status": "unblocked",
                    "snapshots": false,
                    "region": "eu-west-3"
                },
                {
                    "status": "unblocked",
                    "snapshots": false,
                    "region": "ap-northeast-1"
                },
                {
                    "status": "unblocked",
                    "snapshots": false,
                    "region": "eu-central-1"
                },
                {
                    "status": "unblocked",
                    "snapshots": false,
                    "region": "eu-west-1"
                },
                {
                    "status": "unblocked",
                    "snapshots": false,
                    "region": "eu-west-2"
                },
                {
                    "status": "unblocked",
                    "snapshots": false,
                    "region": "us-east-1"
                },
                {
                    "status": "unblocked",
                    "snapshots": false,
                    "region": "us-east-2"
                },
                {
                    "status": "unblocked",
                    "snapshots": false,
                    "region": "us-west-1"
                },
                {
                    "status": "unblocked",
                    "snapshots": false,
                    "region": "ap-northeast-2"
                },
                {
                    "status": "unblocked",
                    "snapshots": false,
                    "region": "us-west-2"
                },
                {
                    "status": "unblocked",
                    "snapshots": false,
                    "region": "ap-northeast-3"
                },
                {
                    "status": "unblocked",
                    "snapshots": false,
                    "region": "eu-north-1"
                },
                {
                    "status": "unblocked",
                    "snapshots": false,
                    "region": "ap-southeast-2"
                },
                {
                    "status": "unblocked",
                    "snapshots": false,
                    "region": "ca-central-1"
                },
                {
                    "status": "unblocked",
                    "snapshots": false,
                    "region": "sa-east-1"
                }
            ],
            "instance_metadata_defaults": [
                {
                    "http_tokens": null,
                    "instances": false,
                    "region": "ap-south-1"
                },
                {
                    "http_tokens": null,
                    "instances": false,
                    "region": "ap-southeast-1"
                },
                {
                    "http_tokens": null,
                    "instances": false,
                    "region": "eu-west-3"
                },
                {
                    "http_tokens": null,
                    "instances": false,
                    "region": "ap-northeast-1"
                },
                {
                    "http_tokens": null,
                    "instances": false,
                    "region": "eu-west-1"
                },
                {
                    "http_tokens": null,
                    "instances": false,
                    "region": "eu-central-1"
                },
                {
                    "http_tokens": null,
                    "instances": false,
                    "region": "eu-west-2"
                },
                {
                    "http_tokens": null,
                    "instances": false,
                    "region": "us-east-1"
                },
                {
                    "http_tokens": null,
                    "instances": false,
                    "region": "us-east-2"
                },
                {
                    "http_tokens": null,
                    "instances": false,
                    "region": "us-west-1"
                },
                {
                    "http_tokens": null,
                    "instances": false,
                    "region": "ap-northeast-2"
                },
                {
                    "http_tokens": null,
                    "instances": true,
                    "region": "us-west-2"
                },
                {
                    "http_tokens": null,
                    "instances": false,
                    "region": "ap-northeast-3"
                },
                {
                    "http_tokens": null,
                    "instances": false,
                    "region": "eu-north-1"
                },
                {
                    "http_tokens": null,
                    "instances": false,
                    "region": "ap-southeast-2"
                },
                {
                    "http_tokens": null,
                    "instances": false,
                    "region": "ca-central-1"
                },
                {
                    "http_tokens": null,
                    "instances": false,
                    "region": "sa-east-1"
                }
            ],
            "launch_templates": [],
            "vpn_endpoints": {},
            "transit_gateways": {}
        }
    },
    "cloudwatch": {
        "cloudwatch": {
            "audited_account": "296062557786",
            "audited_account_arn": "arn:aws:iam::296062557786:root",
            "audited_partition": "aws",
            "audit_resources": [],
            "audited_checks": [],
            "service": "cloudwatch",
            "region": "us-east-1",
            "metric_alarms": []
        },
        "logs": {
            "audited_account": "296062557786",
            "audited_account_arn": "arn:aws:iam::296062557786:root",
            "audited_partition": "aws",
            "audit_resources": [],
            "audited_checks": [],
            "service": "logs",
            "region": "us-east-1",
            "log_group_arn_template": "arn:aws:logs:us-east-1:296062557786:log-group",
            "metric_filters": [],
            "log_groups": []
        }
    }
}